bloodrayne,1e-20
blow,1e-20
blood-and-chocolate,1e-20
the-adventures-of-felix,1e-20
blood-work,1e-20
bird-people,1e-20
bill-teds-excellent-adventure,1e-20
amour,1e-20
reservoir-dogs,1e-20
amy-2015,1e-20
a-band-called-death,1e-20
the-woman-in-black,1e-20
back-to-the-future-part-ii,1e-20
transformers,1e-20
54,1e-20
billy-lynns-long-halftime-walk,1e-20
night-at-the-museum-battle-of-the-smithsonian,1e-20
black-rain-1989,1e-20
black-dynamite,1e-20
jackass-presents-bad-grandpa,1e-20
zero-dark-thirty,1e-20
billy-elliot,1e-20
black-book,1e-20
blood-ties,1e-20
black-christmas,1e-20
the-birdcage,1e-20
anomalisa,1e-20
blade,1e-20
blade-trinity,1e-20
blade-runner,1e-20
a-most-violent-year,1e-20
real-steel,1e-20
blades-of-glory,1e-20
birthday-girl,1e-20
the-blair-witch-project,1e-20
the-black-dahlia,1e-20
the-woman-in-black-2-angel-of-death,1e-20
blancanieves,1e-20
beautiful-boxer,1e-20
bring-it-on,1e-20
blast-from-the-past,1e-20
bleed-for-this,1e-20
rugrats-go-wild,1e-20
blind-date-1987,1e-20
black-hawk-down,1e-20
the-watcher,1e-20
lonely-hearts,1e-20
the-blind-side,1e-20
black-nativity,1e-20
blue-caprice,1e-20
